<?xml version="1.0" encoding="utf-8" standalone="yes" ?>
<T3locallang>
	<meta type="array">
		<type>module</type>
		<description>Language labels for plugin &quot;tx_gobebequizz_piRegister&quot;</description>
		<generator>LFEditor</generator>
	</meta>
	<data type="array">
		<languageKey index="default" type="array">
			<label index="tab1">Tab 1</label>
			<label index="tab2">Tab 2</label>
			<label index="tab3">Tab 3</label>
			<label index="tab4">Tab 4</label>
			<label index="tab5">Tab 5</label>
			<label index="tab6">Tab 6</label>
			<label index="tab7">Tab 7</label>
			<label index="description">Text</label>
			<label index="image">Image</label>
			<label index="imageHover">Image Hover</label>
			<label index="target">Target</label>
		</languageKey>
		<languageKey index="dk"></languageKey>
		<languageKey index="de" type="array">
			<label index="tab1">Tab 1</label>
			<label index="tab2">Tab 2</label>
			<label index="tab3">Tab 3</label>
			<label index="tab4">Tab 4</label>
			<label index="tab5">Tab 5</label>
			<label index="tab6">Tab 6</label>
			<label index="tab7">Tab 7</label>
			<label index="description">Text</label>
			<label index="image">Bild</label>
			<label index="target">Verweis</label>
		</languageKey>
		<languageKey index="no"></languageKey>
		<languageKey index="it"></languageKey>
		<languageKey index="fr"></languageKey>
		<languageKey index="es"></languageKey>
		<languageKey index="nl"></languageKey>
		<languageKey index="cz"></languageKey>
		<languageKey index="pl"></languageKey>
		<languageKey index="si"></languageKey>
		<languageKey index="fi"></languageKey>
		<languageKey index="tr"></languageKey>
		<languageKey index="se"></languageKey>
		<languageKey index="pt"></languageKey>
		<languageKey index="ru"></languageKey>
		<languageKey index="ro"></languageKey>
		<languageKey index="ch"></languageKey>
		<languageKey index="sk"></languageKey>
		<languageKey index="lt"></languageKey>
		<languageKey index="is"></languageKey>
		<languageKey index="hr"></languageKey>
		<languageKey index="hu"></languageKey>
		<languageKey index="gl"></languageKey>
		<languageKey index="th"></languageKey>
		<languageKey index="gr"></languageKey>
		<languageKey index="hk"></languageKey>
		<languageKey index="eu"></languageKey>
		<languageKey index="bg"></languageKey>
		<languageKey index="br"></languageKey>
		<languageKey index="et"></languageKey>
		<languageKey index="ar"></languageKey>
		<languageKey index="he"></languageKey>
		<languageKey index="ua"></languageKey>
		<languageKey index="lv"></languageKey>
		<languageKey index="jp"></languageKey>
		<languageKey index="vn"></languageKey>
		<languageKey index="ca"></languageKey>
		<languageKey index="ba"></languageKey>
		<languageKey index="kr"></languageKey>
		<languageKey index="eo"></languageKey>
		<languageKey index="my"></languageKey>
		<languageKey index="hi"></languageKey>
		<languageKey index="fo"></languageKey>
		<languageKey index="fa"></languageKey>
		<languageKey index="sr"></languageKey>
		<languageKey index="sq"></languageKey>
		<languageKey index="ge"></languageKey>
		<languageKey index="ga"></languageKey>
		<languageKey index="km"></languageKey>
		<languageKey index="qc"></languageKey>
	</data>
</T3locallang>
